MySQL Shell 1.0.11

Copyright (c) 2016, 2017, Oracle and/or its affiliates. All rights reserved.

Oracle is a registered trademark of Oracle Corporation and/or its
affiliates. Other names may be trademarks of their respective
owners.

Type '\help' or '\?' for help; '\quit' to exit.

Currently in JavaScript mode. Use \sql to switch to SQL mode and execute queries.
mysql-js> \sql
Switching to SQL mode... Commands end with ;
mysql-sql> \connect -c root@localhost:3306
Creating a Classic Session to 'root@localhost:3306'
Enter password: ****
Your MySQL connection id is 3
Server version: 5.7.21-log MySQL Community Server (GPL)
No default schema selected; type \use <schema> to set one.
mysql-sql> use northwind;
Query OK, 0 rows affected (0.00 sec)
mysql-sql> select distinct(A.contactname) from customers A
       ... inner join orders B on A.customerid = B.customerid;
+-------------------------+
| contactname             |
+-------------------------+
| Maria Anders            |
| Ana Trujillo            |
| Antonio Moreno          |
| Thomas Hardy            |
| Christina Berglund      |
| Hanna Moos              |
| Frdrique Citeaux        |
| Martn Sommer            |
| Laurence Lebihan        |
| Elizabeth Lincoln       |
| Victoria Ashworth       |
| Patricio Simpson        |
| Francisco Chang         |
| Yang Wang               |
| Pedro Afonso            |
| Elizabeth Brown         |
| Sven Ottlieb            |
| Janine Labrune          |
| Ann Devon               |
| Roland Mendel           |
| Aria Cruz               |
| Martine Ranc            |
| Maria Larsson           |
| Peter Franken           |
| Carine Schmitt          |
| Paolo Accorti           |
| Lino Rodriguez          |
| Eduardo Saavedra        |
| Jos Pedro Freyre        |
| Andr Fonseca            |
| Howard Snyder           |
| Manuel Pereira          |
| Mario Pontes            |
| Carlos Hernndez         |
| Yoshi Latimer           |
| Patricia McKenna        |
| Helen Bennett           |
| Philip Cramer           |
| Daniel Tonini           |
| Annette Roulet          |
| Yoshi Tannamuri         |
| John Steel              |
| Renate Messner          |
| Jaime Yorres            |
| Carlos Gonzlez          |
| Felipe Izquierdo        |
| Fran Wilson             |
| Giovanni Rovelli        |
| Catherine Dewey         |
| Jean Fresnire           |
| Alexander Feuer         |
| Simon Crowther          |
| Yvonne Moncada          |
| Rene Phillips           |
| Henriette Pfalzheim     |
| Guillermo Fernndez      |
| Georg Pipps             |
| Isabel de Castro        |
| Bernardo Batista        |
| Lcia Carvalho           |
| Horst Kloss             |
| Sergio Gutirrez         |
| Paula Wilson            |
| Maurizio Moroni         |
| Janete Limeira          |
| Michael Holz            |
| Alejandra Camino        |
| Jonas Bergulfsen        |
| Jose Pavarotti          |
| Hari Kumar              |
| Jytte Petersen          |
| Dominique Perrier       |
| Art Braunschweiger      |
| Pascale Cartrain        |
| Liz Nixon               |
| Liu Wong                |
| Karin Josephs           |
| Miguel Angel Paolino    |
| Anabela Domingues       |
| Helvetius Nagy          |
| Palle Ibsen             |
| Mary Saveley            |
| Paul Henriot            |
| Rita Mller              |
| Pirkko Koskitalo        |
| Paula Parente           |
| Karl Jablonski          |
| Matti Karttunen         |
| Zbyszek Piestrzeniewicz |
+-------------------------+
89 rows in set (0.19 sec)
mysql-sql> select contactname from customers where customerid is (
       ... select distinct(customerid) from orders);
ERROR: 1064 (42000): You have an error in your SQL syntax; check the manual that corresponds to your MySQL server version for the right syntax to use near '(
select distinct(customerid) from orders)' at line 1
mysql-sql> select contactname from customers where customerid in (
       ... select distinct(customerid) from orders);--->PUNTO1
+-------------------------+
| contactname             |
+-------------------------+
| Maria Anders            |
| Ana Trujillo            |
| Antonio Moreno          |
| Thomas Hardy            |
| Christina Berglund      |
| Hanna Moos              |
| Frdrique Citeaux        |
| Martn Sommer            |
| Laurence Lebihan        |
| Elizabeth Lincoln       |
| Victoria Ashworth       |
| Patricio Simpson        |
| Francisco Chang         |
| Yang Wang               |
| Pedro Afonso            |
| Elizabeth Brown         |
| Sven Ottlieb            |
| Janine Labrune          |
| Ann Devon               |
| Roland Mendel           |
| Aria Cruz               |
| Martine Ranc            |
| Maria Larsson           |
| Peter Franken           |
| Carine Schmitt          |
| Paolo Accorti           |
| Lino Rodriguez          |
| Eduardo Saavedra        |
| Jos Pedro Freyre        |
| Andr Fonseca            |
| Howard Snyder           |
| Manuel Pereira          |
| Mario Pontes            |
| Carlos Hernndez         |
| Yoshi Latimer           |
| Patricia McKenna        |
| Helen Bennett           |
| Philip Cramer           |
| Daniel Tonini           |
| Annette Roulet          |
| Yoshi Tannamuri         |
| John Steel              |
| Renate Messner          |
| Jaime Yorres            |
| Carlos Gonzlez          |
| Felipe Izquierdo        |
| Fran Wilson             |
| Giovanni Rovelli        |
| Catherine Dewey         |
| Jean Fresnire           |
| Alexander Feuer         |
| Simon Crowther          |
| Yvonne Moncada          |
| Rene Phillips           |
| Henriette Pfalzheim     |
| Guillermo Fernndez      |
| Georg Pipps             |
| Isabel de Castro        |
| Bernardo Batista        |
| Lcia Carvalho           |
| Horst Kloss             |
| Sergio Gutirrez         |
| Paula Wilson            |
| Maurizio Moroni         |
| Janete Limeira          |
| Michael Holz            |
| Alejandra Camino        |
| Jonas Bergulfsen        |
| Jose Pavarotti          |
| Hari Kumar              |
| Jytte Petersen          |
| Dominique Perrier       |
| Art Braunschweiger      |
| Pascale Cartrain        |
| Liz Nixon               |
| Liu Wong                |
| Karin Josephs           |
| Miguel Angel Paolino    |
| Anabela Domingues       |
| Helvetius Nagy          |
| Palle Ibsen             |
| Mary Saveley            |
| Paul Henriot            |
| Rita Mller              |
| Pirkko Koskitalo        |
| Paula Parente           |
| Karl Jablonski          |
| Matti Karttunen         |
| Zbyszek Piestrzeniewicz |
+-------------------------+
89 rows in set (0.04 sec)
mysql-sql> select B.contactname from orders A
       ... right outer join customers B on A.customerid = B.customerid
       ... where A.customerid is null;
+----------------+
| contactname    |
+----------------+
| Diego Roel     |
| Marie Bertrand |
| Val2           |
| Valon Hoti     |
+----------------+
4 rows in set (0.13 sec)
mysql-sql> select contactname from customers where customerid not in (
       ... select distinct(customerid) from orders;
ERROR: 1064 (42000): You have an error in your SQL syntax; check the manual that corresponds to your MySQL server version for the right syntax to use near '' at line 2
mysql-sql> show tables;
+----------------------+
| Tables_in_northwind  |
+----------------------+
| categories           |
| customercustomerdemo |
| customerdemographics |
| customers            |
| employees            |
| employeeterritories  |
| orderdetails         |
| orders               |
| products             |
| region               |
| shippers             |
| suppliers            |
| territories          |
+----------------------+
13 rows in set (0.01 sec)
mysql-sql> desc orderdetails;
+-----------+---------------+------+-----+---------+-------+
| Field     | Type          | Null | Key | Default | Extra |
+-----------+---------------+------+-----+---------+-------+
| OrderID   | int(11)       | NO   | PRI | null    |       |
| ProductID | int(11)       | NO   | PRI | null    |       |
| UnitPrice | decimal(10,4) | NO   |     | 0.0000  |       |
| Quantity  | smallint(2)   | NO   |     | 1       |       |
| Discount  | double(8,0)   | NO   |     | 0       |       |
+-----------+---------------+------+-----+---------+-------+
5 rows in set (0.02 sec)
mysql-sql> dest products;
ERROR: 1064 (42000): You have an error in your SQL syntax; check the manual that corresponds to your MySQL server version for the right syntax to use near 'dest products' at line 1
mysql-sql> desc products;
+-----------------+---------------+------+-----+---------+----------------+
| Field           | Type          | Null | Key | Default | Extra          |
+-----------------+---------------+------+-----+---------+----------------+
| ProductID       | int(11)       | NO   | PRI | null    | auto_increment |
| ProductName     | varchar(40)   | NO   | MUL | null    |                |
| SupplierID      | int(11)       | YES  | MUL | null    |                |
| CategoryID      | int(11)       | YES  | MUL | null    |                |
| QuantityPerUnit | varchar(20)   | YES  |     | null    |                |
| UnitPrice       | decimal(10,4) | YES  |     | 0.0000  |                |
| UnitsInStock    | smallint(2)   | YES  |     | 0       |                |
| UnitsOnOrder    | smallint(2)   | YES  |     | 0       |                |
| ReorderLevel    | smallint(2)   | YES  |     | 0       |                |
| Discontinued    | bit(1)        | NO   |     | b'0'    |                |
+-----------------+---------------+------+-----+---------+----------------+
10 rows in set (0.10 sec)
mysql-sql> desc orders;
+----------------+---------------+------+-----+---------+----------------+
| Field          | Type          | Null | Key | Default | Extra          |
+----------------+---------------+------+-----+---------+----------------+
| OrderID        | int(11)       | NO   | PRI | null    | auto_increment |
| CustomerID     | varchar(5)    | YES  | MUL | null    |                |
| EmployeeID     | int(11)       | YES  | MUL | null    |                |
| OrderDate      | datetime      | YES  | MUL | null    |                |
| RequiredDate   | datetime      | YES  |     | null    |                |
| ShippedDate    | datetime      | YES  | MUL | null    |                |
| ShipVia        | int(11)       | YES  | MUL | null    |                |
| Freight        | decimal(10,4) | YES  |     | 0.0000  |                |
| ShipName       | varchar(40)   | YES  |     | null    |                |
| ShipAddress    | varchar(60)   | YES  |     | null    |                |
| ShipCity       | varchar(15)   | YES  |     | null    |                |
| ShipRegion     | varchar(15)   | YES  |     | null    |                |
| ShipPostalCode | varchar(10)   | YES  | MUL | null    |                |
| ShipCountry    | varchar(15)   | YES  |     | null    |                |
+----------------+---------------+------+-----+---------+----------------+
14 rows in set (0.00 sec)
mysql-sql> desc products;
+-----------------+---------------+------+-----+---------+----------------+
| Field           | Type          | Null | Key | Default | Extra          |
+-----------------+---------------+------+-----+---------+----------------+
| ProductID       | int(11)       | NO   | PRI | null    | auto_increment |
| ProductName     | varchar(40)   | NO   | MUL | null    |                |
| SupplierID      | int(11)       | YES  | MUL | null    |                |
| CategoryID      | int(11)       | YES  | MUL | null    |                |
| QuantityPerUnit | varchar(20)   | YES  |     | null    |                |
| UnitPrice       | decimal(10,4) | YES  |     | 0.0000  |                |
| UnitsInStock    | smallint(2)   | YES  |     | 0       |                |
| UnitsOnOrder    | smallint(2)   | YES  |     | 0       |                |
| ReorderLevel    | smallint(2)   | YES  |     | 0       |                |
| Discontinued    | bit(1)        | NO   |     | b'0'    |                |
+-----------------+---------------+------+-----+---------+----------------+
10 rows in set (0.00 sec)
mysql-sql> desc orderdetails;
+-----------+---------------+------+-----+---------+-------+
| Field     | Type          | Null | Key | Default | Extra |
+-----------+---------------+------+-----+---------+-------+
| OrderID   | int(11)       | NO   | PRI | null    |       |
| ProductID | int(11)       | NO   | PRI | null    |       |
| UnitPrice | decimal(10,4) | NO   |     | 0.0000  |       |
| Quantity  | smallint(2)   | NO   |     | 1       |       |
| Discount  | double(8,0)   | NO   |     | 0       |       |
+-----------+---------------+------+-----+---------+-------+
5 rows in set (0.00 sec)
